UP主,mid,视频标题,发布时间,aid,视频时长,播放量,评论数,收藏数
贤聊电影,1108782940,励志片：很多时候，一厘米的身高差距，相差的是两个世界的人生！,2021-11-21 12:24:13,891835646,609,7276449,91,10381
快聊影院,1581017398,当镜子里的自己是个萌娃，你会怎么办，蜘蛛侠直接尬舞,2021-11-26 18:52:36,379464995,69,4125354,62,6734
想睡在迪士尼的小可爱,1891369254,尽管我们的手中空无一物，但这个世界总有人在悄悄爱着你。,2021-11-24 17:04:06,719390643,86,4005579,476,22534
火龙果讲电影,646695716,神仙片子，卖了里约热内卢的耶稣雕像！不经意间就戳中了笑点。,2021-11-23 20:12:32,891997549,428,3584175,93,2242
痞叔说电影,698329270,一个只有富豪的疗养院，永生的秘密《救命解药》,2021-11-21 09:39:07,549360863,396,3534064,4,1760
老实人讲电影,1889744808,豆瓣评分8.9  一部暖心治愈片《一个叫欧维的男人决定去死》一点要看完！,2021-11-27 16:42:50,591918228,484,3527717,1900,54395
吖吖侃电影,436885385,国产片：老师怀疑学渣作弊，让他上台证明，这下有好戏看了,2021-11-23 11:40:17,719310069,119,3363112,399,5014
欢颜侃电影,1494662203,国产片：因为这母子三人，一碗汤面五块钱，老板这一卖就是十五年,2021-11-24 15:47:25,721968982,146,2946718,1115,15273
沈腾的义子,248381403,27年前《过把瘾》火爆荧屏，王志文和江珊这对情侣，甜的齁死了！,2021-11-26 22:01:46,336978216,238,2931512,1622,52913
企鹅人的马甲,1009757374,漫威超级反派堪比浩克的存在！灭霸和小贱贱联手对抗却惨遭手撕！,2021-11-27 00:22:30,379469209,613,2772089,11,3884
效忠东城卫,289926882,用1000磅混凝土制作的小黑屋，1小时内逃出，获得10万美元奖励！,2021-11-23 01:11:47,934269371,176,2618696,295,2374
介么追剧,1296385136,油腻大叔穿越回到20岁，从底层销售员变成了校园里的追风少年,2021-11-22 20:59:19,806793972,122,2566735,5,1952
温情说剧,2090455469,一块墓地两人用，烈士墓地竟被偷偷转租，得知真相却没有责怪,2021-11-26 17:30:13,336964213,387,2503212,46,3614
军师电影解说,522159107,根据真实事件改编，励志、催泪高分电影《怒海潜将》,2021-11-26 14:09:48,379414212,464,2492892,1447,19434
贤聊电影,1108782940,励志片：黑人清洁工自制一枚微型卡钳，开创了心脏外科手术先河！,2021-11-28 21:14:48,591981309,551,2482943,381,7260
小妖儿看电影,2054675333,身上黑叉越多就越穷，两叉青年这一辈子，都只能喝奶不许吃饭！,2021-11-27 15:50:59,464416996,165,2349893,40,1606
木鱼水心,927587,大结局！最强的小队！最艰巨的任务！《士兵突击》P10（完）,2021-11-28 18:15:17,976948913,3665,2331663,10505,28209
企鹅人的马甲,1009757374,小蜘蛛完美继承钢铁意志！力量竟堪比浩克！黎明升起 英雄归来！,2021-11-27 00:35:30,464465271,721,2296621,29,6281
布衣探案,282527570,美国周星驰有多神？,2021-11-26 22:09:24,976925549,669,2248126,175,8259
木鱼水心,927587,许三多孤身入敌！老A全军覆没？《士兵突击》P8,2021-11-22 22:41:58,294339770,3110,2233992,7922,26088
贤聊电影,1108782940,励志片：很多时候，一厘米的身高差距，相差的是两个世界的人生！,2021-11-21 12:24:13,891835646,609,7276449,91,10381
快聊影院,1581017398,当镜子里的自己是个萌娃，你会怎么办，蜘蛛侠直接尬舞,2021-11-26 18:52:36,379464995,69,4125354,62,6734
想睡在迪士尼的小可爱,1891369254,尽管我们的手中空无一物，但这个世界总有人在悄悄爱着你。,2021-11-24 17:04:06,719390643,86,4005579,476,22534
火龙果讲电影,646695716,神仙片子，卖了里约热内卢的耶稣雕像！不经意间就戳中了笑点。,2021-11-23 20:12:32,891997549,428,3584175,93,2242
痞叔说电影,698329270,一个只有富豪的疗养院，永生的秘密《救命解药》,2021-11-21 09:39:07,549360863,396,3534064,4,1760
老实人讲电影,1889744808,豆瓣评分8.9  一部暖心治愈片《一个叫欧维的男人决定去死》一点要看完！,2021-11-27 16:42:50,591918228,484,3527717,1900,54395
吖吖侃电影,436885385,国产片：老师怀疑学渣作弊，让他上台证明，这下有好戏看了,2021-11-23 11:40:17,719310069,119,3363112,399,5014
欢颜侃电影,1494662203,国产片：因为这母子三人，一碗汤面五块钱，老板这一卖就是十五年,2021-11-24 15:47:25,721968982,146,2946718,1115,15273
沈腾的义子,248381403,27年前《过把瘾》火爆荧屏，王志文和江珊这对情侣，甜的齁死了！,2021-11-26 22:01:46,336978216,238,2931512,1622,52913
企鹅人的马甲,1009757374,漫威超级反派堪比浩克的存在！灭霸和小贱贱联手对抗却惨遭手撕！,2021-11-27 00:22:30,379469209,613,2772089,11,3884
效忠东城卫,289926882,用1000磅混凝土制作的小黑屋，1小时内逃出，获得10万美元奖励！,2021-11-23 01:11:47,934269371,176,2618696,295,2374
介么追剧,1296385136,油腻大叔穿越回到20岁，从底层销售员变成了校园里的追风少年,2021-11-22 20:59:19,806793972,122,2566735,5,1952
温情说剧,2090455469,一块墓地两人用，烈士墓地竟被偷偷转租，得知真相却没有责怪,2021-11-26 17:30:13,336964213,387,2503212,46,3614
军师电影解说,522159107,根据真实事件改编，励志、催泪高分电影《怒海潜将》,2021-11-26 14:09:48,379414212,464,2492892,1447,19434
贤聊电影,1108782940,励志片：黑人清洁工自制一枚微型卡钳，开创了心脏外科手术先河！,2021-11-28 21:14:48,591981309,551,2482943,381,7260
小妖儿看电影,2054675333,身上黑叉越多就越穷，两叉青年这一辈子，都只能喝奶不许吃饭！,2021-11-27 15:50:59,464416996,165,2349893,40,1606
木鱼水心,927587,大结局！最强的小队！最艰巨的任务！《士兵突击》P10（完）,2021-11-28 18:15:17,976948913,3665,2331687,10505,28209
企鹅人的马甲,1009757374,小蜘蛛完美继承钢铁意志！力量竟堪比浩克！黎明升起 英雄归来！,2021-11-27 00:35:30,464465271,721,2296621,29,6281
布衣探案,282527570,美国周星驰有多神？,2021-11-26 22:09:24,976925549,669,2248126,175,8259
木鱼水心,927587,许三多孤身入敌！老A全军覆没？《士兵突击》P8,2021-11-22 22:41:58,294339770,3110,2233992,7922,26088
木鱼水心,927587,许三多立了功，却不想干了？《士兵突击》P9,2021-11-25 21:26:01,549461839,3558,2184583,6419,25893
青史刘明,513421836,大结局：贪官放火烧了银库，银水流进沟渠，凝结成了一条银龙！,2021-11-28 22:49:56,209462219,508,2165896,270,2298
干饭人九迁,1707641723,男子干活不要工钱，老板以为占了便宜，不料被男子一顿饭吓傻,2021-11-28 17:30:06,634384483,506,2154321,363,2169
无言卒电影,1155506136,反转短片：父亲刚死，反转却一个接一个，腰都被闪断了,2021-11-27 20:00:54,719472163,75,2086330,218,7919
翠花不瞎说,1082697325,蜘蛛侠：不好意思，家父钢铁侠！,2021-11-22 22:17:54,549340892,130,2031393,23,5741
电影叮咚叮,420339095,男主天生9条命，每做一善事还会增一条，可怜只能四处求死,2021-11-26 00:09:14,421978893,396,2026770,288,1908
雪山扯电影,522134020,女人想要个孩子，于是宫女给她支了一招，用45度的水泡45分钟,2021-11-23 19:17:16,806916462,187,2009631,29,1326
影探阿斌,1213964883,这是世界上最艰巨的任务，因为杰森和强森联手都被打的满地找牙！,2021-11-27 09:49:58,719416016,679,1978425,67,4223
吖吖侃电影,436885385,国产片：女孩因为睡过头，考试迟到了，竟然还拿了全年级第一,2021-11-21 15:48:45,676754195,86,1921636,109,2113
摸鱼电影V,179970013,解说一部少年冒险拯救两个世界的电影，会说话的老鼠，会飞驯鹿,2021-11-28 20:54:49,806910251,780,1908949,16,2827
猫君影视,402790652,《飞行侠》男人意外获得超能力，成为保护人类的超级英雄,2021-11-27 17:08:33,976960542,340,1895178,6,748
黑菠萝说电影,221485710,两级反转！神其实是在乱杀？教主坦白一切《地狱公使》P3,2021-11-21 22:06:20,849356973,524,1893142,81,3119
千帆电影,2135949274,女孩考试一道题都没答对，老师却次次给她一百分,2021-11-24 18:50:06,294381864,329,1855414,14,2271
影人马哥,1106410590,三代《蜘蛛侠》剧情一次看完！托比、加菲、荷兰弟！,2021-11-26 15:49:59,294461774,2807,1801586,286,15292
快看张不止,207381389,65岁老中医现场正骨，外国医生惊呆了，中医治疗骨折竟不用手术！,2021-11-27 19:26:25,806878343,202,1793411,3592,9369
艾看影视,1167435962,悟空的金箍棒返厂修好后跑来摸老虎屁股。,2021-11-21 16:27:45,721832958,70,1776125,1,1912
一条说电影,1362098810,萌化所有人的兔兔，就因为咳嗽被抛弃，谁能帮帮她,2021-11-22 19:12:22,421772931,72,1700535,31,1527
铁骨铮铮柳下惠,1138588324,火箭发射失败震撼场面，日本花几个亿，请全世界看烟,2021-11-27 18:46:13,934444873,226,1600194,514,6645
小志真探,386644966,三个爆笑短剧 不笑你揍我！,2021-11-28 09:32:31,676892603,99,1599353,9,2971
大象放映室,49246269,1993年的中国发生了什么？【激荡四十年·1993】,2021-11-25 19:21:35,421967719,2899,1582987,3556,44530
摸鱼电影,695160120,一群劫匪抢劫夜店，没想到美女太多扛不住，劫匪还是个讲究人  《罗马假日》,2021-11-28 18:48:38,464493922,366,1578636,792,10373
船长电影解说,1569685991,骗子设局骗富婆，反被富婆来了个骗中骗,2021-11-26 19:30:00,849411333,351,1557094,55,2067
船长电影解说,1569685991,高智商罪犯轻松越狱，最后竟被FBI收编顾问,2021-11-24 21:54:15,251999616,398,1538672,90,1985
不八卦会死星人V,31603563,【2021年度圈粉角色盘点】他排第一，没人有意见吧？,2021-11-28 22:54:42,549475929,603,1533728,1492,4856
贰哥电影,524075241,士兵上战场不带枪，却吓坏了日本鬼子，原来他带着上帝参战,2021-11-24 19:01:13,209433423,465,1512670,336,5842
刘老师说电影,79061224,没有正常人！槽点横飞，bug无数！吐槽悬疑电影《门锁》【院线试毒】,2021-11-23 17:15:01,336893648,576,1506191,4015,5272
low君热剧,34189415,【low君】《韩剧十大老婆》：不心动挑战又来了！你老婆喊你呐！,2021-11-27 10:20:03,209497034,881,1505761,5233,18126
酉晨君,630795674,9岁男孩9年内被杀9次，而凶手竟然是他的亲生母亲！电影《路易的第九条命》,2021-11-22 17:59:26,721785409,317,1503853,7,856
绫人太太啊,11131476,《 只 要 是 日 语 就 画 风 突 变 》,2021-11-22 17:18:33,421804970,39,1495687,1032,9798
雪山扯电影,522134020,两个女人同时怀孕，但孩子只能活一个，古代的后宫有点残忍,2021-11-25 19:14:13,591877152,148,1490978,75,1418
呱唧电影吧,701573501,豆瓣8.4分DC巅峰之作，一次意外事故被封神，成就DC宇宙天花板,2021-11-22 17:05:12,379343516,488,1467885,242,4722
古惑电影q,348452317,外国小伙突发奇想，找到稀有材料，制作出了蜘蛛侠战衣！,2021-11-27 17:00:11,719431958,208,1459166,126,2010
新鲜寻宝,1334512554,寻宝人花300美元捡漏金项链和手表，对手淘到拳王泰森限量手办,2021-11-23 17:31:04,891997180,316,1452189,27,2297
无糖加咖啡,248366861,小伙长了颗200斤肿瘤，医生决定放弃治疗，肖恩却让他重获新生,2021-11-21 15:52:14,976818511,278,1446522,14,1794
風哥电影,492586856,中国综艺天花板之作，豆瓣评分高达9.5，却让人笑着笑着就哭了,2021-11-23 17:46:55,209472177,510,1439336,1882,13753
快聊影院,1581017398,神奇的筷子,2021-11-27 09:00:08,591933829,62,1437845,3,656
电影冷知识,145750219,好莱坞大咖的搞笑日常 （第N+1弹）,2021-11-26 15:17:07,634406055,115,1430550,141,8856
工具人讲电影,543903337,《神秘村》神秘小镇与世隔绝，触摸红色就会招来怪物！,2021-11-24 17:49:59,676892598,260,1423512,323,5018
小片片说大片,10119428,五条故事线，六层神反转，十分惊喜！万字解析国产悬疑片《不速来客》,2021-11-26 20:29:27,464468643,2412,1419593,1627,8545
芙芙家的洗碗君,4925207,一口气看完，神探狄仁杰1-5部！12场案件！超两百集,2021-11-28 17:10:42,251892713,12798,1400395,1660,37224
low君热剧,34189415,【low君】反穿书 《心跳恋爱》：当玛丽苏文男女主，穿越到现实生活中会怎样！！！,2021-11-24 10:30:41,421945384,400,1395188,4785,9234
漫威超级粉1,354825671,毒液祖师爷有多强？一剑刺穿雷神，怒撕百万恒星之力的哨兵,2021-11-24 23:53:36,591952279,304,1364708,242,5588
文西与阿漆,94281836,【暴躁解说】看完这部台湾电视剧，我想我还是太纯洁了~,2021-11-23 16:44:13,506981676,207,1347473,1716,6601
欢颜侃电影,1494662203,讽刺片：女孩去吃酒席，谁料菜一上桌就没了，下一秒女孩崩溃了,2021-11-21 16:07:28,849344006,95,1328677,67,688
电影冷知识,145750219,一个酒厂赚十亿$！好莱坞那些最会赚外快的猛人！,2021-11-22 16:25:53,676819969,146,1321927,177,5679
科幻战舰,230246679,两儿子把母亲当猪来养，只要在谁家瘦了，就得再养多一年《娘惹肉》,2021-11-27 17:20:10,421997528,249,1275600,10,698
小青聊电影,1869986630,黑人被白人处处针对，结果却让白人后悔不已,2021-11-23 19:45:12,464255158,252,1264129,29,1833
小阳说电影,19059974,神秘女人疯狂给路人送钱，每月送出几千万,2021-11-28 21:00:27,251901423,76,1257245,9,542
贰哥电影,524075241,神明惩罚日本，派使者毁灭东京，美军友情支援原子弹《新哥斯拉》,2021-11-28 19:34:52,379411649,395,1254993,195,3859
无言卒电影,1155506136,反转！男孩考试丢骰子全对，画画乱涂获奖，但有一项却怎么也不行,2021-11-27 20:10:10,336959028,83,1250751,26,1105
用心讲电影,2048620668,超级足球明星踢假球入狱，在监狱重组球队再创辉煌,2021-11-28 23:42:55,764438651,363,1248415,15,1069
橘子影视君,1056948645,光天化日下的枪杀，凶手躲在40万人中无处可寻，悬疑剧妙女神探,2021-11-26 17:33:09,849385110,285,1247633,10,673
姜文老哥的义子,248361295,姜文教外国人“中国话”名场面，笑死，没见过这么离谱的中国话,2021-11-21 13:35:32,506765026,167,1244315,337,15748
柳飘飘了吗,646456240,【飘飘】别让妖精演女神了！看看女神演妖精吧,2021-11-27 19:19:34,976895062,750,1239901,2330,16067
江南唠电影,1329535556,男孩从小就能看见鬼，每天对着墙说话，爸妈却以为他得病了,2021-11-21 21:24:17,421849982,272,1238995,121,1427
小片片说大片,10119428,太惨了！邪教统治韩国，离谱！魔幻韩剧《地狱公使》上,2021-11-23 18:18:13,549404038,1251,1234480,1791,4952
侃片大师兄,688872987,这只神奇的猴爪，可以实现3个愿望，但付出的代价太惨重！,2021-11-23 13:44:16,464269518,116,1231059,938,3594
电影最TOP,17819768,剧TOP：年度最佳预定！美国“神药”如何成为上百万人的噩梦？《成瘾剂量》（上）,2021-11-24 20:45:00,209427378,1832,1221658,3239,7836
贝勒电影,476983757,天伦之旅：孝敬父母的人看了会哭，不孝的人根本看不懂,2021-11-21 11:30:07,634288293,421,1208734,0,2094
梦侃电影,73848294,女人30年不剪指甲，做一次美甲就要花掉2万美元，上厕所都难,2021-11-26 10:48:28,849388337,107,1201439,4,288
新鲜寻宝,1334512554,这些人真是什么都敢干，花4900美元捡漏豪华超跑，对手淘到奢侈品牌手表,2021-11-25 21:25:04,849408206,323,1201181,22,1726
大圣影视解说,422450598,男子到荒岛上寻宝，挖到埋藏上百年的神秘宝藏，价值竟然不可思议,2021-11-27 11:02:01,676967946,341,1196646,24,1159
吖吖侃电影,436885385,女孩仅考了49分，却得了全班第一，励志短片《不要打扰我学习》,2021-11-26 20:18:23,806967741,109,1131780,197,2850
无言卒电影,1155506136,因为只有本科学历，医生在公立医院没有晋升希望，只能辞职去私立,2021-11-25 19:54:41,421991821,151,1124968,2729,4857
小片片说大片,10119428,万众期待，口碑崩坏！挖坑不填，遗臭万年！魔幻韩剧《地狱公使》下,2021-11-24 21:37:33,294418614,1325,1103857,1977,2579
企鹅人的马甲,1009757374,谁才是超级英雄中的速度之王？谁知最后哪位一秒竟可绕地球46圈,2021-11-26 00:09:51,634379327,167,1100619,398,5765
1900影剧室,17223352,【1900】背刺预言成真！今日乳法，还是攻陷英伦？《是，首相YPM》精讲01,2021-11-28 16:04:28,251927198,1347,1094329,1308,13611
董小姐的追剧Diary,1589863479,总有一个人会接受你真实的样子,2021-11-28 12:00:19,464487251,134,1093185,502,11909
布儒说电影,602735404,闪电侠跟沃利比速度，让沃利从萨维塔手中救下爱瑞丝！p11,2021-11-25 12:45:01,676937792,96,1091191,15,947
狗帮视野,10747345,种族歧视下，银行不给黑人放贷款，这个黑人直接买下两栋银行,2021-11-27 20:26:19,764495144,594,1088572,119,3328
火龙果讲电影,646695716,女人靠着一块蛋糕帮男友越狱。特效炸裂，世界名片！,2021-11-21 10:14:32,591853904,460,1086813,235,1802
榴莲爱看剧v,1662983948,为救县长夫人，医生竟抽小孩的血，怎料孩子被抽血抽死,2021-11-24 18:17:32,379434962,137,1083586,13,1182
侃片大师兄,688872987,6500万年前，造物主投下金属炸弹，把恐龙变成全新生命体！,2021-11-27 14:46:01,849409723,423,1083490,99,1934
梦寐_之地,378897230,让 央 视 告 诉 你什么叫古言男主人设天花板！！！,2021-11-28 12:30:17,634457331,204,1081780,1695,15630
凡人影视解说,1766462769,毒战3：致敬缉毒英雄,2021-11-26 13:19:20,806954090,158,1073524,191,4355
贤于葛格,392069376,复联最惨超级英雄，今天终于站起来了！《鹰眼》,2021-11-25 20:43:20,806962296,499,1065903,237,2630
青史刘明,513421836,知县没钱买官服，为迎接皇上用纸糊了件衣服，谁料下起暴雨！,2021-11-25 20:27:39,549407473,481,1065827,294,1425
小东北侃大片,96426484,呆萌可爱的泰迪熊竟然是个泡妞高手,2021-11-22 15:28:02,721816238,379,1063295,9,1733
桃李电影,43950762,卡魔拉：你为你想要的付出了什么代价；灭霸：一切,2021-11-22 18:11:33,549265925,101,1061812,120,3947
一零电影,1827237263,现实中的丑小鸭，竟是网络人气美女《影子美女五》,2021-11-25 16:57:33,719391069,142,1014085,31,1173
村长爱看电影,20721899,他的脖子里卡了一颗子弹，但却健康的活了20年，真是医学奇迹,2021-11-22 22:18:20,294300312,210,1011269,2,419
解说无影,1273786032,大叔因为一只苍蝇，损失上百万，最后苦练绝技，一天抓上万只苍蝇,2021-11-23 20:55:51,379477591,230,1003413,24,930
洛奇爱电影,674073882,狙击之王第二集小男孩捡到一个啤酒瓶，从此改变被杀的命运，能否成为狙击之王,2021-11-27 21:23:17,849399327,165,1003385,30,1341
梦伢侃片片,488833553,网剧鼻祖《万万没想到》咋没了？你还记得他们哪些名场面？,2021-11-25 17:38:26,294464424,239,994390,154,3282
王左中右,492303353,猴 楼 梦,2021-11-21 10:00:08,251829747,478,991651,2498,28337
军师电影解说,522159107,一部治愈心灵的电影，富家弃婴的冒险旅程，太治愈,2021-11-28 13:46:56,806962897,378,984738,430,8480
小青聊电影,1869986630,黑人女孩只是在玩耍，而白人J察却逮捕了她,2021-11-28 20:32:33,549432038,297,980604,99,2916
蒲公英电影,1852003542,荒野独居第6季完整版，10人荒野求生100天争夺百万奖金，纪录片,2021-11-27 20:00:02,806909442,3958,975391,910,8720
科幻战舰,230246679,女孩从小被父母无视，4岁会自己做饭，6岁就将校长赶出学校《玛蒂尔达》,2021-11-26 17:20:04,421963276,290,970609,15,617
古惑电影q,348452317,父母假期出门，小男孩绑架保姆，开始了残酷的折磨！,2021-11-26 17:00:19,251925500,225,961146,27,4456
桃花满地,94667371,何晨光凭一己之力，反败为胜。,2021-11-23 18:39:56,294404131,179,959850,219,1795
电影冷角兽,1656354611,被中国拯救的好莱坞大片：内地观众贡献11亿，直送B级电影上神坛,2021-11-26 14:43:12,976902128,127,959415,450,2290
电影最TOP,17819768,剧TOP：人血馒头好吃么？美国“神药”如何成为上百万人的噩梦？《成瘾剂量》（下）,2021-11-26 20:45:05,591922692,2155,932751,1630,8373
小片片说大片,10119428,最终真相曝光，让观众跌破了眼镜！悬疑犯罪剧《逆局》第六期,2021-11-27 18:12:42,976880697,1878,930760,911,2300
番茄君说影,1446209135,反转短片《面具S人狂》,2021-11-28 13:17:20,976938740,73,908965,177,12421
BuriedAlien,49960899,《永恒族》的背后？政治正确已把欧美影视扭曲成了这幅模样，目的是什么？,2021-11-28 17:03:06,976911862,565,906814,3004,9761
白鹤电影,1785887862,未来世界只要意识不灭，便可永生！科幻片《上载新生》,2021-11-25 10:00:27,934484944,324,906000,8,1388
海川爱影视,354347628,远古巨鲸被困千年，竟被一头毛驴解救重获自由，奇幻片！,2021-11-27 18:00:04,719406742,367,904241,485,2405
娥姐说剧,1276481827,大厨做得一手好菜，一份美味的泥鳅钻豆腐，把领导吃的直打嗝,2021-11-27 17:14:34,464400343,457,872741,168,1233
榴莲爱看剧v,1662983948,老师重伤急需输血，怎料血型配对的学生拒绝输血，这下惨了！,2021-11-22 18:05:01,294273811,123,856310,16,487
企鹅人的马甲,1009757374,谁才是超级英雄中的“速度之王”？他们能跑多快，看到数据惊呆了,2021-11-26 00:02:59,634414634,121,855261,381,2472
黄埔观影视,300351972,福特VS法拉利，到底谁是速度与激情？,2021-11-22 12:08:10,891807761,171,847495,173,3910
我是小雯电影,1297349447,国产片：妈妈不辞辛苦，早早到校帮儿子找位置，保安却百般刁难,2021-11-28 15:12:24,719472672,82,818664,10,572
虫哥说电影,29296192,大侠郭靖的身世原来如此波折！回顾经典《射雕英雄传》第一篇：郭靖父母辈的前尘往事~,2021-11-25 16:48:33,464382206,1222,812055,2391,4757
网络小说最TOP,454089718,一口气看完整部450万字的《诡秘之主》【夙读百万字9】,2021-11-26 18:30:09,421939956,7405,810135,2504,31362
海空影视,522211660,手指堵枪口可以阻止子弹发射吗？我终于知道老外为什么人少了，流言终结者,2021-11-26 21:51:03,591907501,163,804430,246,1902
牛粪和茶壶,256676817,世事洞明皆学问，被王志文演绎的淋漓尽致，真真不得不服！,2021-11-26 22:11:54,251950728,250,803364,806,20597
番茄君说影,1446209135,【日式悬疑】鸡皮疙瘩系列之 《第十七章》,2021-11-23 11:30:23,891786290,212,791967,205,2633
芽芽在追剧,2141453775,典当之星，著名的妖刀村正，居然价值百万美刀,2021-11-28 12:20:11,379378297,84,777408,57,882
哈莉看电影,691983214,十四位迪士尼公主，拯救一个男人，会是什么样的体验,2021-11-23 14:27:56,721786952,305,777050,3,1216
细菌电影tv,440776198,富家女花100亿买了恋爱机器人，却想要毁掉他。,2021-11-21 13:53:29,209282371,164,771339,9,661
二嘿说电影,1996377907,六岁孩子被迫上战场，成为了年龄最小的《士兵》,2021-11-28 19:51:34,634426751,371,768452,13,1631
哇哇哇妹,138832847,《门锁》吐槽：消费女性话题，浪费白百何演技，拜托蹭热度也要写好啊！【哇妹】,2021-11-23 17:20:42,549476365,544,767964,1426,2003
开心嘴炮,203337614,用爱情治疗抑郁症？！爆笑吐槽章若楠《如果声音不记得》,2021-11-26 10:54:27,209485395,472,761208,1696,1555
Nail的洗脚婢,433976958,《导演请指教》韩雪这类有钱人，是不是觉得外卖员最穷苦也就这样了？？,2021-11-26 23:52:43,806982044,241,751691,2039,1474
虫哥说电影,29296192,一个黄毛丫头亲自培养巨侠男友！经典回顾之《射雕英雄传》第二篇：郭靖初遇黄蓉...,2021-11-27 17:00:11,591946118,1641,746628,1949,4141
看剧大叔V,2121020421,50个人把手放在兰博基尼上，最后松开的，就能得到它,2021-11-24 16:36:39,676943103,324,744654,1461,1818
木鱼水心,927587,天后有很多，梅艳芳只有一个！回顾梅艳芳几部经典影片【非凡情报局14】,2021-11-21 21:43:38,719325784,1210,739512,1812,4974
漫天影话,65856524,小伙在厕所呆了三分钟，出来后城市没人了，参加游戏才能续命,2021-11-26 20:22:44,591976188,305,739177,12,622
噬元兽影视,408672114,悬浮夸张？演技虚假？口碑两极分化？《女心理师》好看的,2021-11-25 18:55:35,506920529,523,736830,7002,3263
求生岛s,335296857,一张纸只能对折7次？大佬用一整个停机场大的纸亲自试验，纪录片,2021-11-28 18:33:30,721945193,302,732362,907,847
文西与阿漆,94281836,【暴躁解说】那些震惊我一整年的神剧沙雕台词~,2021-11-28 17:05:07,549497186,225,730102,1169,1846
乔妹电影,1143314414,吞噬万物的粉碎机，碰上融化一切的岩浆，结果如何？,2021-11-23 22:43:55,764467249,101,728037,56,388
盐焗剪影,2112938876,【解说】美队的盾牌到底有多神奇？飞出去了还能自己飞回来，甚至还能...,2021-11-26 18:56:39,676887997,91,725970,35,1156
晓新说电影,13226737,学生死了也要学习和考试，通灵老师给鬼补课！奇幻喜剧《猛鬼毕业典礼》,2021-11-21 11:20:46,634315970,319,719810,1,446
史君观影,2066219108,女儿早餐店被砸，黑老大父亲重出江湖，吓得小混混屁滚尿流！,2021-11-27 18:21:28,849384769,468,708474,466,1408
谁家小离,481447633,广东休闲会所疯狂年代，高颜值、遍地开花,2021-11-21 11:20:11,464365541,306,698602,1117,3403
欢颜侃电影,1494662203,偏心的老师只顾有钱的学生，穷学生看都不看一眼，最后报应来了,2021-11-21 14:21:36,634281953,85,694865,18,374
小武说电影,1136830136,你觉对没见过，小男孩的舌头，竟然可以变换各种形状,2021-11-25 00:15:22,464408702,69,691653,5,264
漫威超级粉1,354825671,《奇异博士2》反派有多强？古一成为傀儡，奇异博士被逼到自杀,2021-11-23 16:06:00,806786734,371,686955,893,2245
阿斗归来了,21837784,平平无奇古天乐，在线教你撩妹，金庸经典武侠《神雕侠侣》第2期,2021-11-23 19:09:34,719445798,1813,680894,1712,3807
大聪明说电影,502934191,一场粉碎了美军的血战，当年的长津湖战役打得到底有多悲壮,2021-11-25 18:59:07,549443573,350,663987,8,1788
吖吖侃电影,436885385,韩国片：无良导演套路女明星，拍出的片子，简直不堪入目,2021-11-23 18:21:04,806971483,67,659536,156,4750
黄埔观影视,300351972,你见过打台球开外挂的吗？就算丁俊辉来了都不好使？,2021-11-28 00:32:40,806937394,124,652836,89,1916
猴叔撩电影,1155877466,敌军需要半天喘息，我军只给了他们10分钟！,2021-11-27 20:45:43,591876795,177,650321,188,1250
昱下饭观世界,1753834986,贫困小伙腿胀的像西瓜，小腿里面的东西太吓人，小伙最终放弃治疗,2021-11-21 20:03:00,764309267,121,646017,979,1443
效忠东城卫,289926882,女孩昏迷13年，醒来后要吃饼干，竟然被小伙糟蹋了,2021-11-28 00:57:31,379414635,118,643127,89,817
据说放映,386186788,喜剧片《辣手保姆》：男孩太懦弱，父母请了个辣妹当保姆，谁知她的身份不简单,2021-11-27 19:41:15,294466400,458,641066,268,3149
不起眼的过人,484730836,《海洋深处》真实事件改变，耗资7亿的海难大片,2021-11-27 10:15:53,379437916,225,639975,174,1400
良影解说,258897592,父亲送男孩去练拳击，男孩却背着父亲学起芭蕾，最终竟成就奇迹,2021-11-22 22:41:17,719285970,501,638611,340,2246
纪实汇,260249344,在巴基斯坦街头掉落印度国旗和巴基斯坦国旗，路人看到作何反应？,2021-11-25 18:06:46,764415537,100,636617,15,510
张大解说,1256616958,史上最脏的地毯清洗起来有多费劲，污水都排了3吨，过程十分解压,2021-11-27 16:48:09,934382691,135,631395,23,875
bilibili星访问,32660634,宋祖儿与王安宇隔空撒糖！并大胆发言“想谈恋爱”！？【bilibili星访问 第124期】,2021-11-26 11:00:13,634382191,927,631339,478,3347
熊熊聊影视,586705384,看这个美女老师是这么上课的，非常之奇葩,2021-11-26 20:50:36,976972751,119,629526,74,1802
乔妹电影,1143314414,小伙淘来二手粉碎机，把工地的钢筋插进去，结果会怎样？,2021-11-26 21:35:03,721956433,85,629499,18,230
快聊影院,1581017398,女孩一觉醒来，双腿变成了鱼尾巴，馋坏了家里的小猫,2021-11-27 18:18:37,676892133,62,621884,0,149
电影小新说,2039218461,《孤单又灿烂的神》01：男人被宝剑插入身体近千年，只为寻找可以拔剑的人类新娘,2021-11-23 08:18:23,976768269,538,619997,38,1411
运动使人健康,248374886,典当之星：一坨“便便”竟然价值百万？专家鉴定后竟大吃了一惊,2021-11-21 15:26:25,676795778,94,619688,30,361
雪糕说漫,604186480,皮克斯新动画《青春期变形记》：美美一激动就变大熊猫，太可爱了,2021-11-24 17:49:34,421929489,64,616554,9,528
探长电台,700792736,女人每天对着镜子傻笑，只为猛舔多年不联系的塑料闺蜜,2021-11-21 20:20:12,251842326,316,611499,1,325
Gr长歌,517426022,打不带的梅艳芳，身穿婚纱把自己嫁给了舞台。,2021-11-28 15:48:12,336931052,176,608852,64,3022
南一扒片,91731885,外星人来地球毁灭人类，结果玩得太嗨，给忘记了《外星居民》1,2021-11-22 18:40:57,421819856,453,603412,68,845
护10娘,1188491592,《2021内娱影视大赏》：烂片虽然多，但都很自信！,2021-11-26 16:38:00,976965202,495,602745,3890,2314
橘子观影,472540908,女海王试镜偶遇老顾客，老顾客要求女海王陪他打扑克,2021-11-23 17:16:59,634427850,182,599302,7,1825
十一关说电影,522159235,有些事其实不是，我们表面上看到的那么简单，感人，治愈,2021-11-27 13:40:08,849476043,127,598243,122,4385
效忠东城卫,289926882,孩子们的世界，永远是那么善良纯真,2021-11-28 01:06:51,719478876,91,597909,4,555
阿斗归来了,21837784,发人深省！这部反网络暴力的日剧每个人都应该看看《三年A班》大结局,2021-11-21 21:00:11,209280862,1707,597109,1840,4337
桃李电影,43950762,星云：你一直以来都要赢，可我只想要个姐姐,2021-11-23 18:05:03,421798083,81,595662,45,1881
盒中怪咖,1040011761,小伙用巨石洗头，练习少林顶级内功，下山后竟成为绝世高手！武侠,2021-11-24 17:30:00,721987796,534,594556,18,407
即录,18478705,非洲父亲花大半积蓄买25个铁桶，为18岁儿子建了一间新房,2021-11-21 13:27:27,719323767,922,590356,2089,2853
